{"step": [0, 1, 2, 3, 4, 5, 6, 7, 8, 9, 10, 11, 12, 13, 14, 15, 16, 17, 18, 19, 20, 21, 22, 23, 24, 25, 26, 27, 28, 29, 30, 31, 32, 33, 34, 35, 36, 37, 38, 39, 40, 41, 42, 43, 44, 45, 46, 47, 48, 49, 50, 51, 52], "loss": [2.4872008562088013, 2.5816802978515625, 2.5702240467071533, 2.331458330154419, 2.5180180072784424, 2.39456844329834, 2.4891271591186523, 2.5107606649398804, 2.445531964302063, 2.4951902627944946, 2.49699866771698, 2.5715900659561157, 2.389127492904663, 2.4114933013916016, 2.6530264616012573, 2.497438907623291, 2.5601226091384888, 2.37579607963562, 2.4425125122070312, 2.444443464279175, 2.411310315132141, 2.460954189300537, 2.422506809234619, 2.5147383213043213, 2.4436542987823486, 2.5205315351486206, 2.7615212202072144, 2.3943179845809937, 2.3942441940307617, 2.5083519220352173, 2.444616913795471, 2.37125825881958, 2.422892689704895, 2.4503378868103027, 2.5680638551712036, 2.54328715801239, 2.5455490350723267, 2.554517388343811, 2.462721347808838, 2.5917199850082397, 2.4542993307113647, 2.5171923637390137, 2.3824870586395264, 2.3826769590377808, 2.5400824546813965, 2.324220657348633, 2.45597505569458, 2.622848629951477, 2.4223856925964355, 2.555902600288391, 2.384138822555542, 2.593234658241272, 2.331265687942505], "accuracy": [0.0003255208333333333, 0.0008463541666666667, 0.0006510416666666667, 0.0005859375, 0.0008463541666666667, 0.001171875, 0.0012369791666666666, 0.0012369791666666666, 0.0005208333333333333, 0.0005859375000000001, 0.0008463541666666667, 0.0005859375, 0.00078125, 0.0007812499999999999, 0.00026041666666666666, 0.0004557291666666667, 0.0007161458333333333, 0.0005208333333333333, 0.0006510416666666666, 0.000390625, 0.0005208333333333333, 0.0005859375, 0.0009114583333333333, 0.0005859375, 0.0009114583333333333, 0.0005208333333333333, 0.0012369791666666666, 0.0004557291666666667, 0.0005208333333333333, 0.0005208333333333333, 0.0004557291666666667, 0.0009765625, 0.00032552083333333337, 0.0007161458333333334, 0.0006510416666666667, 0.0006510416666666667, 0.0010416666666666667, 0.0005859375000000001, 0.0005208333333333333, 0.0006510416666666666, 0.0009765625, 0.0009114583333333333, 0.00078125, 0.000390625, 0.0008463541666666667, 0.0005208333333333333, 0.0005208333333333333, 0.000390625, 0.0005859375, 0.0009114583333333333, 0.0007161458333333334, 0.0006510416666666667, 0.0011718750000000002]}