{"step": [0], "loss": [2.4872008562088013], "accuracy": [0.0003255208333333333]}