{"step": [0, 1, 2, 3], "loss": [2.4872008562088013, 2.5789202451705933, 2.5634264945983887, 2.3196141719818115], "accuracy": [0.0003255208333333333, 0.00078125, 0.0006510416666666667, 0.0005859375]}