{"steps": [0, 1, 2, 3, 4, 5, 6, 7, 8, 9, 10, 11, 12, 13, 14, 15, 16, 17, 18, 19, 20, 21, 22, 23, 24, 25, 26, 27, 28, 29, 30, 31, 32, 33, 34, 35, 36, 37, 38, 39, 40, 41, 42, 43, 44, 45, 46, 47, 48, 49, 50, 51, 52, 53, 54, 55, 56, 57, 58, 59, 60, 61, 62, 63, 64, 65, 66, 67, 68, 69, 70, 71, 72, 73, 74, 75, 76, 77, 78, 79, 80, 81, 82, 83, 84, 85, 86, 87, 88, 89, 90, 91, 92, 93, 94, 95, 96, 97, 98, 99, 100, 101, 102, 103, 104, 105, 106, 107, 108, 109, 110, 111, 112, 113], "loss": [4.49946403503418, 9.323375701904297, 9.113912582397461, 7.458103656768799, 6.469868183135986, 5.2655487060546875, 4.244295597076416, 3.8040874004364014, 3.718038558959961, 3.727046012878418, 3.4495296478271484, 3.201310396194458, 3.220750093460083, 3.162759780883789, 3.1072723865509033, 3.02604341506958, 2.9542837142944336, 2.934019088745117, 2.9176299571990967, 2.8844375610351562, 2.8712046146392822, 2.8164639472961426, 2.7924447059631348, 2.7502739429473877, 2.7721965312957764, 2.779386043548584, 2.7582995891571045, 2.74674654006958, 2.7476978302001953, 2.693589687347412, 2.6619935035705566, 2.6677136421203613, 2.682650089263916, 2.655754804611206, 2.6730234622955322, 2.651136875152588, 2.633744478225708, 2.6244795322418213, 2.625521421432495, 2.610095977783203, 2.61633563041687, 2.594878673553467, 2.581293821334839, 2.5945231914520264, 2.6148202419281006, 2.598909854888916, 2.561539649963379, 2.572086811065674, 2.5595412254333496, 2.563915252685547, 2.587409734725952, 2.56655216217041, 2.5712666511535645, 2.5612311363220215, 2.5674943923950195, 2.544654369354248, 2.566582679748535, 2.5380399227142334, 2.5298237800598145, 2.5164482593536377, 2.5562143325805664, 2.5444610118865967, 2.5476789474487305, 2.546333074569702, 2.567246675491333, 2.5234875679016113, 2.542025089263916, 2.53236722946167, 2.5253524780273438, 2.513652801513672, 2.519653081893921, 2.5081238746643066, 2.5223987102508545, 2.518279552459717, 2.535191297531128, 2.528456211090088, 2.507190465927124, 2.524726390838623, 2.520371675491333, 2.508726119995117, 2.53421950340271, 2.5001838207244873, 2.5110905170440674, 2.5091795921325684, 2.508788585662842, 2.516165256500244, 2.5091331005096436, 2.497433662414551, 2.504425525665283, 2.4886701107025146, 2.490931510925293, 2.4826500415802, 2.500473976135254, 2.5000486373901367, 2.4908769130706787, 2.5242698192596436, 2.4838101863861084, 2.500382661819458, 2.4992470741271973, 2.500333547592163, 2.4972171783447266, 2.4794046878814697, 2.5068929195404053, 2.4957563877105713, 2.5106351375579834, 2.4896836280822754, 2.4918441772460938, 2.4728853702545166, 2.470755100250244, 2.4836337566375732, 2.471782922744751, 2.4821693897247314, 2.483614444732666, 2.489254951477051], "accuracy": []}