{"steps": [0, 1, 2, 3, 4, 5, 6, 7, 8, 9, 10, 11, 12, 13, 14, 15, 16, 17, 18, 19, 20, 21, 22, 23, 24, 25, 26, 27, 28, 29, 30, 31, 32, 33, 34, 35, 36, 37, 38, 39, 40, 41, 42, 43, 44, 45, 46, 47, 48, 49, 50, 51, 52, 53, 54, 55, 56, 57, 58, 59, 60, 61, 62, 63, 64, 65, 66, 67, 68, 69, 70, 71, 72, 73, 74, 75, 76, 77, 78, 79, 80, 81, 82, 83, 84, 85, 86, 87, 88, 89, 90, 91, 92, 93, 94, 95, 96, 97, 98, 99, 100, 101, 102, 103, 104, 105, 106, 107, 108, 109, 110, 111, 112, 113, 114, 115, 116, 117, 118, 119, 120, 121, 122, 123, 124, 125, 126, 127, 128, 129, 130, 131, 132, 133, 134, 135, 136, 137, 138, 139, 140, 141, 142, 143, 144, 145, 146, 147, 148, 149, 150], "loss": [4.49946403503418, 9.323373794555664, 9.113911628723145, 7.458102226257324, 6.469867706298828, 5.265547752380371, 4.244295120239258, 3.804086446762085, 3.718034267425537, 3.7270452976226807, 3.449528217315674, 3.2013111114501953, 3.2207510471343994, 3.16275954246521, 3.1072733402252197, 3.0260443687438965, 2.954284191131592, 2.934018135070801, 2.9176292419433594, 2.884437322616577, 2.871204376220703, 2.8164641857147217, 2.7924439907073975, 2.7502739429473877, 2.7721962928771973, 2.779385805130005, 2.7582991123199463, 2.746746063232422, 2.7476959228515625, 2.6935882568359375, 2.6619906425476074, 2.667710542678833, 2.6826512813568115, 2.655756711959839, 2.673022985458374, 2.6511411666870117, 2.633744478225708, 2.624483108520508, 2.6255176067352295, 2.6100926399230957, 2.616335868835449, 2.5948781967163086, 2.5812931060791016, 2.5945260524749756, 2.6148195266723633, 2.598907470703125, 2.5615367889404297, 2.572084903717041, 2.559537410736084, 2.5639169216156006, 2.5874061584472656, 2.5665502548217773, 2.5712642669677734, 2.5612308979034424, 2.5674920082092285, 2.5446503162384033, 2.5665793418884277, 2.5380351543426514, 2.529816150665283, 2.516448736190796, 2.556206464767456, 2.54445743560791, 2.5476763248443604, 2.5463342666625977, 2.5672481060028076, 2.523484468460083, 2.5420193672180176, 2.532362937927246, 2.5253477096557617, 2.5136497020721436, 2.519646406173706, 2.5081043243408203, 2.522402763366699, 2.518280506134033, 2.5351903438568115, 2.5284335613250732, 2.507194757461548, 2.52471923828125, 2.5203804969787598, 2.508718967437744, 2.534207820892334, 2.5001845359802246, 2.5110790729522705, 2.5091798305511475, 2.5087709426879883, 2.5161588191986084, 2.509129524230957, 2.497443914413452, 2.504434823989868, 2.4886891841888428, 2.490934371948242, 2.4826598167419434, 2.500443458557129, 2.5000662803649902, 2.4908933639526367, 2.524261474609375, 2.483802080154419, 2.500371217727661, 2.4992477893829346, 2.5003256797790527, 2.4972383975982666, 2.479403257369995, 2.5069007873535156, 2.4957802295684814, 2.5106351375579834, 2.4896762371063232, 2.4918406009674072, 2.47285795211792, 2.4707818031311035, 2.4836270809173584, 2.471781015396118, 2.4821481704711914, 2.4836015701293945, 2.489278554916382, 2.47505259513855, 2.5099730491638184, 2.4869790077209473, 2.465973377227783, 2.485558032989502, 2.4827282428741455, 2.481475353240967, 2.483020067214966, 2.485196828842163, 2.4666013717651367, 2.4776461124420166, 2.469719648361206, 2.4729721546173096, 2.4794812202453613, 2.4692656993865967, 2.4748308658599854, 2.4643115997314453, 2.475017547607422, 2.459866523742676, 2.4650068283081055, 2.4537479877471924, 2.458686351776123, 2.4593875408172607, 2.473754405975342, 2.455183982849121, 2.4750843048095703, 2.4672670364379883, 2.4819962978363037, 2.4516658782958984, 2.450073719024658, 2.473926544189453, 2.4602839946746826, 2.4408516883850098, 2.4635589122772217, 2.462860584259033, 2.4527268409729004, 2.467092514038086], "accuracy": []}